id,name,email,age,income,date_joined,status
1,John Smith,john.smith@example.com,30,50000.0,2022-01-15,active
2,Jane Doe,jane@example.com,30,45000.0,2025-05-07,active
3,Bob Johnson,bob@example,45,60000.0,2022-02-01,pending
4,Alice Brown,alice@example.com,25,55000.0,2022-01-20,inactive
6,Charlie Wilson,charlie@example.com,-5,56571.42857142857,2025-05-07,unknown
7,David Jones,david@example.com,85,75000.0,2022-01-25,inactive
0,Eva Martinez,eva@example.com,29,48500.0,2022-02-15,active
9,Frank Miller,,50,62500.0,2022-01-10,pending
10,Grace Lee,grace@example.com,30,56571.42857142857,2025-05-07,active
