id,name,email,age,income,date_joined,status
1,John Smith,john.smith@example.com,30,"$50,000",2022-01-15,active
2,jane doe,JANE@example.com,,45000,01/15/2022,ACTIVE
3, Bob Johnson ,bob@example,45,"$60,000",2022-02-01,pending
4,Alice Brown,alice@example.com,25,"$55,000",2022-01-20,inactive
5,JOHN SMITH,john.smith@example.com,31,"$52,000",2022-03-10,active
6,Charlie Wilson,charlie@example.com,-5,,15-03-2022,unknown
7,David Jones,david@example.com,85,"$75,000",2022-01-25,inactive
,Eva Martinez,eva@example.com,29,"$48,500",2022-02-15,active
9,Frank Miller,,50,"$62,500",2022-01-10,pending
10,Grace Lee,grace@example.com,,,20-01-2022,active